{
  "produits": [
    {"designation": "33 Export boîte", "prixCasier": 150000, "unitesParCasier": 24, "prixUnite": 6250},
    {"designation": "Beaufort bte", "prixCasier": 175000, "unitesParCasier": 24, "prixUnite": 7292},
    {"designation": "Bavaria boîte", "prixCasier": 215000, "unitesParCasier": 24, "prixUnite": 8959},
    {"designation": "BEAUFORT BOITE", "prixCasier": 195000, "unitesParCasier": 24, "prixUnite": 8125},
    {"designation": "BRIXER BTE", "prixCasier": 375000, "unitesParCasier": 24, "prixUnite": 15625},
    {"designation": "CASTRO NOIR BOITE", "prixCasier": 300000, "unitesParCasier": 24, "prixUnite": 12500},
    {"designation": "CASTRO NOIR PET", "prixCasier": 250000, "unitesParCasier": 24, "prixUnite": 10417},
    {"designation": "CHÂTEAU PET", "prixCasier": 300000, "unitesParCasier": 24, "prixUnite": 12500},
    {"designation": "DESPERADO", "prixCasier": 320000, "unitesParCasier": 24, "prixUnite": 13334},
    {"designation": "Doppel bte", "prixCasier": 155000, "unitesParCasier": 24, "prixUnite": 6459},
    {"designation": "Doppel boîte", "prixCasier": 195000, "unitesParCasier": 24, "prixUnite": 8125},
    {"designation": "EL PASSO", "prixCasier": 100000, "unitesParCasier": 24, "prixUnite": 4167},
    {"designation": "FAXE BLANC", "prixCasier": 210000, "unitesParCasier": 24, "prixUnite": 8750},
    {"designation": "FAXE NOIR", "prixCasier": 340000, "unitesParCasier": 24, "prixUnite": 14167},
    {"designation": "GIN TONIC BTE", "prixCasier": 135000, "unitesParCasier": 24, "prixUnite": 5625},
    {"designation": "GUILUXE 65CL", "prixCasier": 115000, "unitesParCasier": 12, "prixUnite": 9584},
    {"designation": "GUILUXE BTE", "prixCasier": 135000, "unitesParCasier": 24, "prixUnite": 5625},
    {"designation": "Guiluxe bte", "prixCasier": 150000, "unitesParCasier": 24, "prixUnite": 6250},
    {"designation": "GUINESS BOITE", "prixCasier": 295000, "unitesParCasier": 24, "prixUnite": 12292},
    {"designation": "GUINI BOITE", "prixCasier": 95000, "unitesParCasier": 24, "prixUnite": 3959},
    {"designation": "Guisse bte", "prixCasier": 210000, "unitesParCasier": 24, "prixUnite": 8750},
    {"designation": "HEINEKEN PETIT", "prixCasier": 250000, "unitesParCasier": 24, "prixUnite": 10417},
    {"designation": "JUS BTE", "prixCasier": 85000, "unitesParCasier": 24, "prixUnite": 3542},
    {"designation": "Leau bidon Asmi", "prixCasier": 45000, "unitesParCasier": 24, "prixUnite": 1875},
    {"designation": "LIQUEUR CARTON", "prixCasier": 200000, "unitesParCasier": 24, "prixUnite": 8334},
    {"designation": "MALTA BTE", "prixCasier": 115000, "unitesParCasier": 24, "prixUnite": 4792},
    {"designation": "MALTA boite", "prixCasier": 150000, "unitesParCasier": 24, "prixUnite": 6250},
    {"designation": "RED LABEL PETIT", "prixCasier": 15000, "unitesParCasier": 1, "prixUnite": 15000},
    {"designation": "ROYAL 180ml", "prixCasier": 200000, "unitesParCasier": 24, "prixUnite": 8334},
    {"designation": "Salsa petit", "prixCasier": 30000, "unitesParCasier": 1, "prixUnite": 30000},
    {"designation": "Toppetiere", "prixCasier": 30000, "unitesParCasier": 1, "prixUnite": 30000},
    {"designation": "VIMTO BOITE", "prixCasier": 185000, "unitesParCasier": 24, "prixUnite": 7709},
    {"designation": "Vody boîte", "prixCasier": 330000, "unitesParCasier": 24, "prixUnite": 13750},
    {"designation": "XXL BOUTEILLE", "prixCasier": 115000, "unitesParCasier": 24, "prixUnite": 4792},
    {"designation": "XXL BOITE", "prixCasier": 150000, "unitesParCasier": 24, "prixUnite": 6250}
  ]
}